Education,Salary
High School,39380.75135
Bachelor's,98971.76851
Master's,140060.5924
PhD,168711.071
