Education,Salary
High School,30756.04781
Bachelor's,89165.21953
Master's,122694.5421
PhD,160266.2923
